{
    "Player": {
        "dashSpeed": 0.8999999761581421,
        "dropAttackSpeed": 0.05235987901687622,
        "longSwingAttackSpeed": 0.10000000149011612,
        "shortSwingAttackSpeed": 0.05235987901687622,
        "unchi": 24
    }
}
